yearMonth,eventId,scope,notes
1235-01,ohachi_01,japan,御鉢_01
1566-10,ohachi_02,japan,御鉢_02
1601-11,keitho_fire,japan,慶長六年大火
1603-03,edo_shogunate_starts,japan_info,徳川家康が征夷大将軍に任命
1603-11,takiyama_war,japan,滝山一揆
1607-02,iwawama_war_02,japan,祖谷山一揆_02
1608-10,yamashiro_war,japan,山代慶長一揆
1614-11,osaka_winter_campaign,japan,大坂冬の陣
1614-12,kitayama_war_02,japan,北山一揆_02
1615-04,kishyu_war,japan,紀州一揆
1615-05,akasshi_fire,japan,堺焼き討ち
1615-05,osaka_summer_campaign,japan,大坂夏の陣
1615-08,buke_shohatto,japan_info,武家諸法度発布
1625-07,kumamoto_01,japan,熊本地震_01
1631-01,iou_bard_01,japan,硫黄鳥島_01
1635-06,sankin_kotai,japan_info,参勤交代の制度化
1637-12,shimabara_rebellion_01,japan,島原の乱勃発
1638-01,shimabara_rebellion_02,japan,島原の乱勃発
1638-02,shimabara_rebellion_03,japan,島原の乱勃発
1639-07,sakoku_edict,japan_info,第5次鎖国令
1640-01,ohama_war_01,japan,小浜藩領承応元年一揆
1640-07,koma_01,japan,北海道駒ヶ岳_1
1640-07,koma_01_earthquake,japan,駒ヶ岳噴火津波
1642-05,kanei_famine,japan,寛永の大飢饉
1643-03,tahata_eitai_baibai,japan_info,田畑永代売買禁止令
1657-03,meireki_fire,japan,明暦の大火（江戸の大半が焼失）
1662-02,naka_01,japan,中岳
1662-10,hyuga_01,japan,日向灘地震_01
1664-01,iou_bard_02,japan,硫黄鳥島_02
1667-09,tarumae_01,japan,樽前山_01
1669-06,shakushain_revolt,japan,シャクシャインの戦い
1683-01,tenna_fire,japan,天和の大火
1684-01,mihara_01,japan,三原山_01
1685-07,shorui_awaremi,japan_info,生類憐れみの令
1686-10,zyokyo_war01,japan,貞享騒動
1690-01,mihara_02,japan,三原山_02
1690-09,yamage_war,japan,山陰・坪谷村一揆
1692-07,genroku_famine_1,japan,元禄の飢饉1
1693-07,genroku_famine_2,japan,元禄の飢饉2
1694-01,koma_02,japan,北海道駒ヶ岳_2
1694-07,genroku_famine_3,japan,元禄の飢饉3
1695-07,genroku_famine_4,japan,元禄の飢饉4
1696-07,genroku_famine_5,japan,元禄の飢饉5
1697-07,genroku_famine_6,japan,元禄の飢饉6
1698-05,tokachi_04,japan,十勝沖地震_04
1698-07,genroku_famine_7,japan,元禄の飢饉7
1698-10,thogaku_fire,japan,勅額火事
1699-07,genroku_famine_8,japan,元禄の飢饉8
1700-07,genroku_famine_9,japan,元禄の飢饉9
1701-07,genroku_famine_10,japan,元禄の飢饉10
1702-07,genroku_famine_11,japan,元禄の飢饉11
1703-07,genroku_famine_12,japan,元禄の飢饉12
1706-01,ohachi_03,japan,御鉢_03
1707-10,hoei_earthquake,japan,宝永地震
1707-11,hoei_fuji_eruption_1,japan,宝永大噴火
1707-12,hoei_fuji_eruption_2,japan,富士山宝永大噴火
1708-04,hoei_fire,japan,宝永の大火
1716-08,kyoho_reforms,japan_info,享保の改革
1716-09,sinmoe_01,japan,新燃岳_1
1716-10,sinmoe_02,japan,新燃岳_2
1716-11,sinmoe_03,japan,新燃岳_3
1717-02,sinmoe_04,japan,新燃岳_4
1717-09,sinmoe_05,japan,新燃岳_5
1721-01,asama_1,japan,浅間山_1
1721-01,sinmoe_06,japan,新燃岳_6
1722-07,agemai_no_sei,japan_info,上げ米の制
1722-11,kubiki_war_01,japan,頸城騒動
1723-03,kubiki_war_02,japan,頸城騒動
1724-04,kyoho_fire,japan,享保の大火
1726-12,santhu_war_01,japan,山中一揆_01
1727-01,santhu_war_02,japan,山中一揆_02
1729-08,noto_earthquake_01,japan,能登半島地震_01
1732-06,kyoho_famine,japan,享保の大飢饉
1739-02,genbun_war,japan,元文一揆
1739-08,tarumae_02,japan,樽前山_02
1741-01,toshima,japan,渡島大島_01
1741-08,kanpo,japan,寛保津波
1742-04,kujikata_osadamegaki,japan_info,公事方御定書制定
1742-08,dog_fullwater,japan,寛保の洪水・高潮
1747-07,horeki_famine_1,japan,宝暦の飢饉1
1748-07,horeki_famine_2,japan,宝暦の飢饉2
1749-07,horeki_famine_3,japan,宝暦の飢饉3
1750-07,horeki_famine_4,japan,宝暦の飢饉4
1751-07,horeki_famine_5,japan,宝暦の飢饉5
1752-07,horeki_famine_6,japan,宝暦の飢饉6
1753-07,horeki_famine_7,japan,宝暦の飢饉7
1753-09,momisuri_war,japan,籾摺騒動
1754-07,horeki_famine_8,japan,宝暦の飢饉8
1754-09,gunzyo_war_01,japan,郡上一揆_01
1755-07,horeki_famine_9,japan,宝暦の飢饉9
1755-12,gunzyo_war_02,japan,郡上一揆_02
1756-07,horeki_famine_10,japan,宝暦の飢饉10
1757-07,horeki_famine_11,japan,宝暦の飢饉11
1757-12,gunzyo_war_03,japan,郡上一揆_03
1758-04,gunzyo_war_04,japan,郡上一揆_04
1762-01,ueda_war_01,japan,上田騒動_01
1764-07,esan_01,japan,恵山 _01
1764-12,nakasendo_war_01,japan,中山道伝馬騒動_01
1765-01,koma_03,japan,北海道駒ヶ岳_3
1765-01,nakasendo_war_02,japan,中山道伝馬騒動_02
1768-09,niigata_war_01,japan,新潟明和騒動
1769-08,hyuga_02,japan,日向灘地震_02
1769-12,usu_01,japan,有珠山_1
1770-12,oohara_war01,japan,大原騒動_01
1771-01,rainbow_war,japan,虹の松原一揆
1772-04,meiwa_fire,japan,明和の大火
1773-01,niigata_yake_01,japan,新潟焼山_01
1773-09,oohara_war02,japan,大原騒動_02
1773-10,oohara_war03,japan,大原騒動_03
1773-11,oohara_war04,japan,大原騒動_04
1777-01,mihara_03,japan,三原山_03
1779-11,sakurajima_anei_01,japan,桜島_安永の大噴火_01
1780-08,sakurajima_anei_02,japan,桜島_安永の大噴火_02
1781-01,oohara_war05,japan,大原騒動_05
1781-04,sakurajima_anei_03,japan,桜島_安永の大噴火_03
1781-09,silk_war,japan,絹一揆
1782-01,tenmei_famine_1,japan,天明の大飢饉_1
1783-04,asama_2,japan,浅間山_2
1783-04,blue_01,japan,青ヶ島_01
1783-05,asama_3,japan,浅間山_3
1783-06,asama_4,japan,浅間山_4
1783-07,asama_5,japan,浅間山_5
1783-07,tenmei_famine_2,japan,天明の大飢饉_2
1783-08,asama_6,japan,浅間山_6
1783-08,asama_eruption,japan,
1784-07,tenmei_famine_3,japan,天明の大飢饉_3
1785-04,blue_02,japan,青ヶ島_02
1785-07,tenmei_famine_4,japan,天明の大飢饉_4
1786-07,tenmei_famine_5,japan,天明の大飢饉_5
1787-05,tenmei_famine_6,japan,天明の大飢饉_余波
1787-05,tenmei_uchikowashi,japan,天明の打ちこわし
1787-06,kansei_reforms,japan_info,寛政の改革
1788-01,koma_04,japan,北海道駒ヶ岳_4
1788-03,tenmei_kyoto_fire,japan,天明の京都大火
1789-09,kien_rei,japan_info,棄捐令
1792-02,unzan_01,japan,雲仙岳_01
1792-05,unzen_tsunami,japan,島原大変肥後迷惑
1793-02,washi_war,japan,武左衛門一揆
1796-11,iou_bard_03,japan,硫黄鳥島_03
1801-01,thokai_01,japan,鳥海山_01
1802-01,thokai_02,japan,鳥海山_02
1802-07,kyodo_1,japan,享和二年の淀川洪水
1804-01,tarumae_03,japan,樽前山_03
1804-10,ushikusuke_war,japan,牛久助郷一揆
1806-04,bunka_fire,japan,文化の大火
1813-01,suwanose_01,japan,諏訪之瀬島_01
1814-01,suwanose_02,japan,諏訪之瀬島_02
1816-07,asosan_01,japan,阿蘇山_01
1820-08,saba_war,japan,洗馬騒動
1821-01,thokai_03,japan,鳥海山_03
1822-01,sinmoe_07,japan,新燃岳_7
1822-01,usu_02,japan,有珠山_2
1822-08,bunsei_cholera,japan,文政のコレラ流行（初来襲）
1825-02,ikokusen_uchiharai,japan_info,異国船打払令
1825-12,red_choth_war,japan,赤蓑騒動
1829-12,iou_bard_04,japan,硫黄鳥島_04
1833-01,tenpo_famine_1,japan,天保の大飢饉_1
1834-01,tenpo_famine_2,japan,天保の大飢饉_2
1834-01,thokai_04,japan,鳥海山_04
1835-01,tenpo_famine_3,japan,天保の大飢饉_3
1836-01,sanhe_war_01,japan,三閉伊一揆_1
1836-01,tenpo_famine_4,japan,天保の大飢饉_4
1836-09,kuninaka_war,japan,天保騒動
1837-01,tenpo_famine_5,japan,天保の大飢饉_5
1837-02,osaka_riot,japan,
1837-02,oshio_riot,japan,大塩平八郎の乱
1837-03,big_solt_fire,japan,大塩焼け
1838-01,tenpo_famine_6,japan,天保の大飢饉_6
1839-01,tenpo_famine_7,japan,天保の大飢饉_7
1839-02,yamashirotani_war,japan,山城谷一揆
1839-05,bansha,japan,蛮社の獄
1841-05,kuchi_01,japan,口永良部島_01
1841-05,tenpo_reforms,japan_info,天保の改革
1841-08,kuchi_02,japan,口永良部島_02
1842-11,oomi_tenpo_war,japan,近江天保一揆
1843-03,hitogaeshi_ho,japan_info,人返しの法
1843-03,tokachi_01,japan,十勝沖地震_01
1844-06,hyuga_03,japan,日向灘地震_03
1846-11,esan_02,japan,恵山 _02
1847-11,sanhe_war_02,japan,三閉伊一揆_2
1852-07,dutch_perry_warning,japan_info,長崎オランダ風説（例・月は要調整可）
1852-11,niigata_yake_02,japan,新潟焼山_02
1853-03,sanhe_war_03,japan,三閉伊一揆_3
1853-03,usu_03,japan,有珠山_3
1853-07,perry_arrival,japan,
1853-07,perry_arrival_uraga,japan,黒船来航（ペリー艦隊浦賀来航）
1853-08,putyatin_arrival_nagasaki,japan,プチャーチン艦隊長崎来航
1854-02,asosan_02,japan,阿蘇山_02
1854-03,kanagawa_treaty,japan_info,日米和親条約締結
1854-03,perry_treaty,japan,
1854-03,treaty_of_kanagawa,japan,日米和親条約締結
1854-08,anglo_japanese_friendship_treaty,japan,日英和親条約締結
1854-12,treaty_of_shimoda,japan,日露和親条約締結
1855-01,iou_bard_05,japan,硫黄鳥島_05
1855-11,ansei_edo_earthquake,japan,安政江戸地震
1856-01,shibuzome_war,japan,渋染一揆
1856-09,koma_05,japan,北海道駒ヶ岳_5
1858-07,ansei_cholera,japan,安政のコレラ大流行
1858-07,harris_treaty,japan,
1858-07,harris_treaty_signed,japan,日米修好通商条約調印
1858-09,ansei_purge_starts,japan,安政の大獄が始まる
1860-03,sakuradamon,japan,
1860-03,sakuradamon_incident,japan,桜田門外の変（井伊直弼暗殺）
1861-03,tsushima_incident,japan,ロシア軍艦対馬占領事件
1861-10,miyagi_1861,japan,宮城県北部地震_01
1862-02,sakashitamon_incident,japan,坂下門外の変
1862-09,namamugi_incident,japan,生麦事件
1863-08,coup_of_august_18,japan,八月十八日の政変
1863-08,satsuei_war,japan,薩英戦争
1863-09,tenchu_gumi_incident,japan,天誅組の変
1864-07,ikedaya_incident,japan,池田屋事件
1864-08,baku_bokan_war,japan,四国艦隊下関砲撃事件（馬関戦争）
1864-08,dondon_fire,japan,どんどん焼け
1864-08,kinmon_incident,japan,禁門の変
1864-09,shimonoseki_campaign,japan,四国艦隊下関砲撃事件（馬関戦争）
1866-03,satcho_alliance,japan,薩長同盟成立
1866-07,second_choshu_expedition,japan,第二次長州征討（四境戦争）
1866-10,kiso_war_01,japan,木曽騒動
1867-11,taisei_hokan,japan,
1867-12,restoration_of_imperial_rule,japan,王政復古の大号令
1868-01,battle_of_toba_fushimi,japan,鳥羽・伏見の戦い（戊辰戦争開戦）
1868-01,boshin_war,japan,戊辰戦争（鳥羽・伏見の戦い）
1868-01,boshin_war_starts,japan,鳥羽・伏見の戦い
1868-01,meiji_restoration,japan,
1868-02,iou_bard_06,japan,硫黄鳥島_06
1868-03,iou_bard_07,japan,硫黄鳥島_07
1868-04,charter_oath,japan_info,五箇条の御誓文
1868-04,gobou_no_keiji,japan_info,五榜の掲示
1868-04,surrender_of_edo_castle,japan,江戸城無血開城
1868-06,seitaisho,japan_info,政体書制定
1868-11,battle_of_hakodate_starts,japan,榎本武揚らが箱館を占領（箱館戦争へ）
1869-07,hanseki_hokan,japan_info,版籍奉還
1869-09,ueda_war_02,japan,上田騒動_02
1869-10,takasaki_war,japan,高崎五万石騒動
1869-11,bandori_war_01,japan,ばんどり騒動
1869-12,bandori_war_02,japan,ばんどり騒動
1870-10,nakano_war_01,japan,中野騒動_01
1871-01,first_daily_newspaper,japan,日本初の本格的な日刊新聞「横浜毎日新聞」創刊
1871-01,matsushiro_war,japan,松代騒動
1871-02,nakano_war_02,japan,中野騒動_02
1871-08,haihan_chiken,japan,
1871-08,kaiho_rei,japan_info,解放令（賤称廃止令）
1871-11,taiwan_expedition_murder,japan,宮古島島民遭難事件（台湾出兵の契機）
1871-12,iwakura_mission,japan_info,岩倉使節団の派遣
1872-04,ginza_fire,japan,銀座大火
1872-05,tesuke_war,japan,悌輔騒動
1872-08,gakusei,japan_info,学制公布
1872-09,railway_evt_187209_0,japan_info,（同
1872-10,first_railway,japan,新橋・横浜間鉄道開業
1872-10,tomioka_silk_mill,japan_info,富岡製糸場の操業（殖産興業）
1872-11,national_bank_act,japan_info,国立銀行条例の制定
1872-12,asosan_03,japan,阿蘇山_03
1872-12,gregorian_calendar,japan_info,太陽暦（グレゴリオ暦）の導入
1873-01,conscription_ordinance,japan_info,徴兵令発布
1873-05,misaku_war_01,japan,美作騒擾
1873-06,banboo_war_01,japan,筑前竹槍一揆
1873-07,land_tax_reform,japan_info,地租改正
1873-11,home_ministry,japan_info,内務省の設置
1874-02,saga_rebellion,japan,佐賀の乱
1874-02,tarumae_04,japan,樽前山_04
1874-05,taiwan_expedition,japan,台湾出兵
1874-11,esan_03,japan,恵山 _03
1875-09,ganghwa_island_incident,japan,江華島事件
1876-02,treaty_of_ganghwa,japan,日朝修好条規締結
1876-03,haitorei,japan_info,廃刀令
1876-08,chitsuroku_shobun,japan_info,秩禄処分（金禄公債証書発行条例）
1876-10,shinpuren_rebellion,japan,神風連の乱・秋月の乱
1876-12,ise_war,japan,伊勢暴動
1877-01,suwanose_03,japan,諏訪之瀬島_03
1877-02,satsuma_rebellion,japan,西南戦争勃発
1880-09,ohachi_04,japan,御鉢_04
1880-09,railway_evt_188009_1,japan_info,日本で3番目
1880-11,railway_evt_188011_2,japan_info,北海道初の鉄道として
1881-10,kokkai_kaisetsu_no_chokuyu,japan_info,国会開設の勅諭
1882-06,railway_evt_188206_3,japan_info,日本初の馬車鉄道として
1882-07,imo_incident,japan,壬午事変
1882-07,myamanashi_fullwater_1,japan,明治40年の大水害_1
1882-08,kusatsu_01,japan,草津白根山_01
1883-10,tarumae_05,japan,樽前山_05
1883-11,tarumae_06,japan,樽前山_06
1884-01,suwanose_04,japan,諏訪之瀬島_04
1884-03,asosan_04,japan,阿蘇山_04
1884-10,chichibu_incident,japan,秩父事件
1884-12,gapsin_coup,japan,甲申政変
1885-01,suwanose_05,japan,諏訪之瀬島_05
1885-01,tarumae_07,japan,樽前山_07
1885-03,railway_evt_188503_4,japan_info,日本鉄道品川線（現・山手線・赤羽線）開業。 品川駅で国有鉄道と貨車に関して直通運転を行う。これが日本初の他鉄道事業者間の直通運転である。
1885-03,tarumae_08,japan,樽前山_08
1885-06,myodo_1,japan,明治十八年の淀川洪水_1
1885-07,myamanashi_fullwater_2,japan,明治40年の大水害_2
1885-07,myodo_2,japan,明治十八年の淀川洪水_2
1885-12,cabinet_system,japan_info,内閣制度の創設
1885-12,railway_evt_188512_5,japan_info,阪堺鉄道が難波駅 - 大和川駅（後に廃止）間を開業。後に南海本線の一部となる。純民間資本としては現存する最古の私鉄。
1886-04,tarumae_09,japan,樽前山_09
1886-10,normanton_incident,japan,ノルマントン号事件
1887-02,railway_evt_188702_6,japan_info,北海道初の私鉄として
1887-09,tarumae_10,japan,樽前山_10
1887-10,tarumae_11,japan,樽前山_11
1888-01,koma_06,japan,北海道駒ヶ岳_6
1888-01,ohachi_05,japan,御鉢_05
1888-02,ohachi_06,japan,御鉢_06
1888-05,ohachi_07,japan,御鉢_07
1888-07,bandai_01,japan,磐梯山_01
1888-10,railway_evt_188810_7,japan_info,伊予鉄道により
1889-02,assassination_of_mori_arinori,japan,森有礼暗殺事件
1889-02,meiji_constitution,japan_info,大日本帝国憲法発布
1889-05,railway_evt_188905_8,japan_info,2か月後の新橋駅 - 神戸駅間を結ぶ鉄道の全通に備え
1889-07,kumamoto_02,japan,熊本地震_02
1889-07,myamanashi_fullwater_3,japan,明治40年の大水害_3
1889-07,railway_evt_188907_9,japan_info,現在の東海道本線にあたる
1889-12,ohachi_08,japan,御鉢_08
1889-12,railway_evt_188912_10,japan_info,九州初の鉄道として
1890-01,russian_flu,japan,ロシア風邪流行
1890-07,first_general_election,japan,第1回衆議院議員総選挙
1890-10,imperial_rescript_on_education,japan_info,教育勅語の渙発
1890-12,telephone_service_starts,japan,東京・横浜間で電話交換業務開始
1891-05,otsu_incident,japan,大津事件（ロシア皇太子襲撃）
1891-06,ohachi_09,japan,御鉢_09
1891-10,mino_owari_earthquake,japan,濃尾地震
1892-07,myamanashi_fullwater_4,japan,明治40年の大水害_4
1892-12,noto_earthquake_02,japan,能登半島地震_02
1893-06,azuma_01,japan,吾妻山_01
1894-02,ohachi_10,japan,御鉢_10
1894-02,tarumae_12,japan,樽前山_12
1894-03,nemuro_earth_02,japan,根室半島沖地震_02
1894-07,sino_japanese_war_dec,japan,日清戦争開戦
1894-07,sino_japanese_war_starts,japan,日清戦争開戦
1894-08,sino_japanese_war,japan,
1894-08,tarumae_13,japan,樽前山_13
1895-01,railway_evt_189501_11,japan_info,日本初の電気鉄道として
1895-04,treaty_of_shimonoseki,japan,下関条約締結
1895-04,triple_intervention,japan,三国干渉
1895-10,ohachi_11,japan,御鉢_11
1896-03,ohachi_12,japan,御鉢_12
1896-06,meiji_sanriku_tsunami,japan,明治三陸地震
1896-07,myamanashi_fullwater_5,japan,明治40年の大水害_5
1896-07,yokota_cut,japan,横田切れ
1897-04,hachioji_fire,japan,八王子大火
1897-07,kusatsu_02,japan,草津白根山_02
1897-08,kusatsu_03,japan,草津白根山_03
1898-07,myamanashi_fullwater_6,japan,明治40年の大水害_6
1899-05,railway_evt_189905_12,japan_info,日本初の食堂車が山陽鉄道に登場。 官営鉄道のものより
1899-11,hyuga_04,japan,日向灘地震_04
1900-01,komyoji_fire,japan,光明寺村女工焼死事件
1900-02,ohachi_13,japan,御鉢_13
1900-03,chian_keisatsu,japan_info,治安警察法
1900-05,miyagi_1900,japan,宮城県北部地震_02
1900-06,boxer_rebellion,japan,義和団の乱（北清事変）への出兵
1900-07,adachi_01,japan,安達太良山_01
1900-10,kusatsu_04,japan,草津白根山_04
1901-11,yawata_steel_works,japan,八幡製鐵所操業開始
1902-01,anglo_japanese_alliance,japan,日英同盟締結
1902-07,kusatsu_05,japan,草津白根山_05
1902-08,bard_01,japan,鳥島_01
1902-08,kusatsu_06,japan,草津白根山_06
1902-09,kusatsu_07,japan,草津白根山_07
1903-03,iou_bard_08,japan,硫黄鳥島_08
1903-04,iou_bard_09,japan,硫黄鳥島_09
1903-05,iou_bard_10,japan,硫黄鳥島_10
1903-06,iou_bard_11,japan,硫黄鳥島_11
1903-07,iou_bard_12,japan,硫黄鳥島_12
1903-07,iou_bard_13,japan,硫黄鳥島_13
1904-02,russo_japanese_war,japan,
1904-02,russo_japanese_war_dec,japan,日露戦争開戦
1904-02,russo_japanese_war_starts,japan,日露戦争開戦
1904-08,railway_evt_190408_13,japan_info,甲武鉄道が
1905-04,railway_evt_190504_14,japan_info,阪神電気鉄道により
1905-06,iyo_01,japan,芸予地震
1905-07,1905_famine,japan,1905年の大凶作
1905-08,koma_07,japan,北海道駒ヶ岳_7
1905-09,hibiya_incendiary_incident,japan,日比谷焼打事件
1905-09,treaty_of_portsmouth,japan,ポーツマス条約締結
1905-10,kusatsu_08,japan,草津白根山_08
1906-06,asosan_05,japan,阿蘇山_05
1907-07,myamanashi_fullwater_7,japan,明治40年の大水害_7
1909-01,tarumae_14,japan,樽前山_14
1909-02,tarumae_15,japan,樽前山_15
1909-03,tarumae_16,japan,樽前山_16
1909-04,tarumae_17,japan,樽前山_17
1909-05,tarumae_18,japan,樽前山_18
1909-07,osaka_n_fire,japan,北の大火
1909-11,hyuga_05,japan,日向灘地震_05
1909-11,railway_evt_190911_15,japan_info,「鉄道名称」が制定され
1910-07,tokyo_fullwater,japan,明治43年の大水害
1910-07,usu_04,japan,有珠山_4
1910-07,yosomi_01,japan,四十三山_01
1910-08,japan_korea_annexation,japan,韓国併合
1910-08,yosomi_02,japan,四十三山_02
1911-01,yakedake_01,japan,焼岳_01
1912-01,osaka_s_fire,japan,南の大火
1912-05,railway_evt_191205_16,japan_info,日本初の電気機関車導入（信越本線横川駅 - 軽井沢駅間（碓氷峠）
1912-07,meiji_emperor_death,japan,明治天皇崩御・大正改元
1913-05,ohachi_14,japan,御鉢_14
1913-11,ohachi_15,japan,御鉢_15
1913-12,ohachi_16,japan,御鉢_16
1914-01,kuchi_03,japan,口永良部島_03
1914-01,sakurajima_taisho,japan,桜島の大正大噴火
1914-03,suwanose_06,japan,諏訪之瀬島_06
1914-06,assassination_of_franz_ferdinand,world,オーストリア＝ハンガリー帝国皇位継承者夫妻が暗殺される（サラエボ事件）
1914-07,ww1,japan,
1914-07,ww1_outbreak,japan,第一次世界大戦勃発
1914-08,germany_uk_declarations,world,ドイツがロシア・フランスに宣戦布告。イギリスも対独宣戦
1914-08,japan_enters_ww1,japan,日本がドイツに宣戦布告（第一次世界大戦参戦）
1914-08,ww1_japan_dec,japan_info,第一次世界大戦参戦
1914-09,first_battle_of_the_marne,world,第一次マルヌの戦いが始まる（長期戦化・塹壕戦の始まり）
1914-10,siege_of_tsingtao,japan,青島の戦い（日本・イギリス連合軍がドイツ拠点港の青島を占領）
1915-01,twenty_one_demands,japan,対華21カ国要求
1915-01,yakedake_02,japan,焼岳_02
1915-03,tokachi_02,japan,十勝沖地震_02
1915-05,sinking_of_lusitania,world,イギリス客船ルシタニア号がドイツUボートによって撃沈される
1915-08,suwanose_07,japan,諏訪之瀬島_07
1915-09,suwanose_08,japan,諏訪之瀬島_08
1916-02,battle_of_verdun,world,ヴェルダンの戦いが始まる（独仏両軍の激規模な消耗戦）
1916-05,battle_of_jutland,world,ユトランド沖海戦（大戦中最大の海戦）
1916-07,battle_of_the_somme,world,ソンムの戦いが始まる（イギリス軍が初めて戦車を投入）
1917-02,unrestricted_submarine_warfare,world,ドイツが「無制限潜水艦作戦」の再開を宣言
1917-03,russian_revolution_february,world,ロシアで二月革命が勃発し
1917-04,tarumae_19,japan,樽前山_19
1917-04,us_enters_ww1,world,アメリカ合衆国がドイツに宣戦布告（連合国側で参戦）
1917-05,tarumae_20,japan,樽前山_20
1917-10,taisyo_typhoon,japan,大正6年の高潮災害
1917-11,russian_revolution_october,world,ロシアで十月革命が勃発し
1918-03,treaty_of_brest_litovsk,world,ブレスト＝リトフスク条約締結（ソビエト・ロシアが単独講和）
1918-07,rice_riots,japan,米騒動
1918-08,siberian_intervention,japan,シベリア出兵
1918-08,spanish_flu,japan,スペインかぜ（日本での流行）
1918-11,armistice_of_11_november,world,ドイツが連合国と休戦協定を締結（第一次世界大戦の実質的終結）
1918-11,german_revolution,world,ドイツ革命（ヴィルヘルム2世が退位・亡命し
1919-01,paris_peace_conference,world,連合国と中央同盟国との講和条約を制定するためのパリ講和会議が始まる
1919-06,koma_08,japan,北海道駒ヶ岳_8
1919-06,treaty_of_versailles,world,ヴェルサイユ条約調印
1920-01,league_of_nations_founded,world,国際連盟の初会合がロンドンで開催される（大戦の公式な終結）
1921-04,asakusa_fire,japan,東京の浅草
1921-08,suwanose_09,japan,諏訪之瀬島_09
1921-11,washington_naval_treaty,japan,ワシントン会議（海軍軍縮条約）
1922-01,suwanose_10,japan,諏訪之瀬島_10
1923-02,tarumae_21,japan,樽前山_21
1923-06,tarumae_22,japan,樽前山_22
1923-07,hyuga_06,japan,日向灘地震_06
1923-07,ohachi_17,japan,御鉢_17
1923-07,tarumae_23,japan,樽前山_23
1923-08,tarumae_24,japan,樽前山_24
1923-09,great_kanto_earthquake,japan,
1924-01,yakedake_03,japan,焼岳_03
1924-10,nishiomote_01,japan,西表海底火山_01
1925-01,kusatsu_09,japan,草津白根山_09
1925-01,soviet_japanese_basic_convention,japan,日ソ基本条約締結
1925-02,tokachi_01,japan,十勝岳_01
1925-03,radio_broadcasting_starts,japan,ラジオ放送開始（社団法人東京放送局）
1925-05,peace_preservation_law,japan_info,治安維持法制定
1925-05,suwanose_11,japan,諏訪之瀬島_11
1925-05,tokachi_02,japan,十勝岳_02
1925-05,universal_suffrage,japan_info,普通選挙法公布
1925-06,railway_evt_192506_17,japan_info,宮城電気鉄道が
1926-10,tarumae_25,japan,樽前山_25
1927-12,first_subway,japan,日本初の地下鉄開通（上野-浅草間）
1927-12,kusatsu_10,japan,草津白根山_10
1927-12,railway_evt_192712_18,japan_info,日本初の地下鉄
1928-01,kusatsu_11,japan,草津白根山_11
1928-01,tarumae_26,japan,樽前山_26
1928-09,tarumae_27,japan,樽前山_27
1928-10,tarumae_28,japan,樽前山_28
1929-02,tarumae_29,japan,樽前山_29
1929-04,asosan_06,japan,阿蘇山_06
1929-05,hyuga_07,japan,日向灘地震_07
1929-06,koma_09,japan,北海道駒ヶ岳_9
1929-10,great_depression,japan,
1930-01,london_naval_treaty,japan,ロンドン海軍軍縮会議
1930-07,full_famine,japan,豊作飢饉
1931-03,kuchi_04,japan,口永良部島_04
1931-04,kuchi_05,japan,口永良部島_05
1931-05,kuchi_06,japan,口永良部島_06
1931-07,showa_famine,japan,昭和農業恐慌
1931-09,manchuria,japan,
1931-09,manchurian_incident_start,japan_info,満州事変（軍事行動開始）
1931-09,mukden_incident,japan,柳条湖事件（満州事変勃発）
1931-10,tarumae_30,japan,樽前山_30
1931-11,hyuga_08,japan,日向灘地震_08
1932-03,manchukuo_established,japan,満州国建国宣言
1932-05,may_15_incident,japan,五・一五事件
1932-10,kusatsu_12,japan,草津白根山_12
1932-12,asosan_07,japan,阿蘇山_07
1932-12,shirokiya_fire,japan,白木屋百貨店火災
1933-01,asosan_09,japan,阿蘇山_09
1933-01,kuchi_07,japan,口永良部島_07
1933-01,nakadake_01,japan,中岳_01
1933-03,withdrawal_from_league_of_nations,japan,国際連盟脱退
1933-09,noto_earthquake_03,japan,能登半島地震_03
1933-12,tarumae_31,japan,樽前山_31
1934-03,hakodate_fire,japan,函館大火
1934-07,1934_famine_1,japan,1934年の大凶作_1
1934-09,muroto_typhoon,japan,室戸台風
1935-07,1934_famine_2,japan,1934年の大凶作_2
1935-09,nemuro_earth_03,japan,根室半島沖地震_03
1936-02,february_26_incident,japan,二・二六事件
1937-03,asama_7,japan,浅間山_7
1937-07,marco_polo_bridge_incident,japan,盧溝橋事件（日中戦争勃発）
1937-07,second_sino_japanese_war_start,japan,日中戦争（軍事行動開始）
1937-11,kusatsu_13,japan,草津白根山_13
1937-12,kusatsu_14,japan,草津白根山_14
1938-03,suwanose_12,japan,諏訪之瀬島_12
1938-04,national_mobilization_law,japan_info,国家総動員法公布
1938-04,railway_evt_193804_19,japan_info,関西初の地下鉄である大阪市営地下鉄御堂筋線（現在のOsaka Metro御堂筋線）の
1938-06,asama_8,japan,浅間山_8
1938-07,hanshin_fullwater,japan,阪神大水害
1939-02,kusatsu_15,japan,草津白根山_15
1939-03,hyuga_09,japan,日向灘地震_09
1939-03,kusatsu_16,japan,草津白根山_16
1939-04,kusatsu_17,japan,草津白根山_17
1939-05,kusatsu_18,japan,草津白根山_18
1939-08,bard_02,japan,鳥島_02
1940-01,nishinari_fire,japan,西成線列車脱線火災事故
1940-02,olympics_pol_194002_1,japan,第5回冬季オリンピック（札幌開催予定も日中戦争により開催権返上
1940-03,mega_evt_194003_0,japan,紀元2600年記念日本万国博覧会。東京・横浜で開催予定だったが日中戦争の激化により開催延期（事実上の中止）となった。
1940-04,kusatsu_19,japan,草津白根山_19
1940-09,kusatsu_20,japan,草津白根山_20
1940-09,olympics_pol_194009_0,japan,第12回夏季オリンピック（東京開催予定も日中戦争により開催権返上
1940-09,tripartite_pact,japan,日独伊三国同盟締結
1940-10,taisei_yokusankai,japan_info,大政翼賛会結成
1940-11,suwanose_13,japan,諏訪之瀬島_13
1941-04,soviet_japanese_neutrality_pact,japan,日ソ中立条約締結
1941-11,hyuga_10,japan,日向灘地震_10
1941-12,pacific_war,japan,
1941-12,pacific_war_start,japan_info,対米英宣戦布告（真珠湾攻撃）
1941-12,pearl_harbor_attack,japan,真珠湾攻撃（太平洋戦争開戦）
1942-02,kusatsu_21,japan,草津白根山_21
1942-04,air_raid_44,japan,ドーリットル空襲
1942-04,doolittle_raid,japan,ドーリットル空襲（本土初空襲）
1942-11,koma_10,japan,北海道駒ヶ岳_10
1943-01,koma_11,japan,北海道駒ヶ岳_11
1943-10,nagano_n_earthquake_02,japan,長野県北部地震_02
1943-12,shouwa_new_01,japan,昭和新山_01
1944-01,shouwa_new_02,japan,昭和新山_02
1944-02,shouwa_new_03,japan,昭和新山_03
1944-06,air_raid_55,japan,八幡空襲
1944-06,shouwa_new_04,japan,昭和新山_04
1944-06,usu_05,japan,有珠山_5
1944-07,shouwa_new_05,japan,昭和新山_05
1944-10,air_raid_56,japan,十・十空襲
1945-03,air_raid_106,japan,名古屋大空襲
1945-03,air_raid_108,japan,大阪大空襲
1945-03,air_raid_109,japan,神戸大空襲
1945-03,air_raid_62,japan,東京大空襲
1945-03,battle_of_okinawa,japan,沖縄戦開始
1945-03,tokyo_air_raid,japan,東京大空襲
1945-05,air_raid_110,japan,横浜大空襲
1945-06,air_raid_133,japan,福岡大空襲
1945-06,air_raid_134,japan,静岡大空襲
1945-07,air_raid_103,japan,城北大空襲
1945-07,air_raid_104,japan,城南京浜大空襲
1945-07,air_raid_105,japan,山手大空襲
1945-07,air_raid_107,japan,熱田空襲
1945-07,air_raid_111,japan,大村大空襲
1945-07,air_raid_112,japan,熊本初空襲
1945-07,air_raid_113,japan,台南初空襲
1945-07,air_raid_115,japan,鹿児島初空襲
1945-07,air_raid_118,japan,立川空襲
1945-07,air_raid_119,japan,玉野空襲
1945-07,air_raid_120,japan,郡山空襲
1945-07,air_raid_121,japan,川崎大空襲
1945-07,air_raid_122,japan,倉敷空襲
1945-07,air_raid_124,japan,徳山大空襲
1945-07,air_raid_125,japan,尼崎空襲
1945-07,air_raid_126,japan,奈良空襲
1945-07,air_raid_127,japan,阿見大空襲
1945-07,air_raid_128,japan,日立空襲
1945-07,air_raid_129,japan,千葉空襲
1945-07,air_raid_130,japan,鹿児島大空襲
1945-07,air_raid_131,japan,浜松空襲
1945-07,air_raid_132,japan,四日市空襲
1945-07,air_raid_136,japan,豊橋空襲
1945-07,air_raid_137,japan,姫路空襲
1945-07,air_raid_138,japan,水島空襲
1945-07,air_raid_139,japan,各務原空襲
1945-07,air_raid_142,japan,佐世保大空襲
1945-07,air_raid_143,japan,岡山空襲
1945-07,air_raid_144,japan,延岡大空襲
1945-07,air_raid_146,japan,熊本大空襲
1945-07,air_raid_150,japan,呉市街空襲
1945-07,air_raid_153,japan,下関空襲
1945-07,air_raid_157,japan,高松空襲
1945-07,air_raid_158,japan,徳島大空襲
1945-07,air_raid_159,japan,高知大空襲
1945-07,air_raid_161,japan,甲府空襲
1945-07,air_raid_162,japan,清水大空襲
1945-07,air_raid_163,japan,明石空襲
1945-07,air_raid_164,japan,和歌山大空襲
1945-07,air_raid_165,japan,岐阜空襲
1945-07,air_raid_167,japan,堺空襲
1945-07,air_raid_168,japan,宇都宮大空襲
1945-07,air_raid_169,japan,敦賀空襲
1945-07,air_raid_171,japan,一宮空襲
1945-07,air_raid_172,japan,北海道空襲
1945-07,air_raid_173,japan,大分空襲
1945-07,air_raid_174,japan,平塚空襲
1945-07,air_raid_175,japan,沼津大空襲
1945-07,air_raid_176,japan,桑名空襲
1945-07,air_raid_178,japan,福井空襲
1945-07,air_raid_180,japan,銚子空襲
1945-07,air_raid_181,japan,岡崎空襲
1945-07,air_raid_182,japan,犬山空襲
1945-07,air_raid_183,japan,半田空襲
1945-07,air_raid_184,japan,津大空襲
1945-07,air_raid_187,japan,保戸島空襲
1945-07,air_raid_189,japan,平空襲
1945-07,air_raid_191,japan,大牟田空襲
1945-07,air_raid_192,japan,青森大空襲
1945-07,air_raid_194,japan,宇治山田空襲
1945-07,air_raid_198,japan,大垣空襲
1945-07,air_raid_203,japan,水戸空襲
1945-07,air_raid_204,japan,八王子空襲
1945-07,air_raid_205,japan,長岡空襲
1945-07,air_raid_207,japan,前橋空襲
1945-07,air_raid_208,japan,佐賀空襲
1945-07,air_raid_210,japan,豊川空襲
1945-07,air_raid_211,japan,福山大空襲
1945-07,air_raid_212,japan,八幡大空襲
1945-07,air_raid_213,japan,大湊空襲
1945-07,air_raid_215,japan,花巻空襲
1945-07,air_raid_218,japan,久留米空襲
1945-07,air_raid_220,japan,加治木空襲
1945-07,air_raid_221,japan,阿久根空襲
1945-07,air_raid_222,japan,長野空襲
1945-07,air_raid_223,japan,岩国空襲
1945-07,air_raid_225,japan,熊谷空襲
1945-07,air_raid_226,japan,伊勢崎空襲
1945-07,air_raid_227,japan,小田原空襲
1945-07,air_raid_230,japan,豊原空襲
1945-07,air_raid_235,japan,アメリカ本土空襲
1945-07,air_raid_238,japan,バンコク空襲
1945-07,air_raid_242,japan,高雄大空襲
1945-07,air_raid_244,japan,羅津空襲
1945-07,air_raid_246,japan,香港空襲
1945-07,air_raid_249,japan,ドイツ本土空襲
1945-07,air_raid_250,japan,錦州爆撃
1945-07,air_raid_251,japan,中国空軍の上海爆撃_(1937年)
1945-07,air_raid_252,japan,南京爆撃
1945-07,air_raid_256,japan,渡洋爆撃
1945-07,air_raid_257,japan,漢口空襲_(1939年10月)
1945-07,air_raid_260,japan,クラーク爆撃
1945-07,air_raid_263,japan,ダーウィン空襲
1945-07,air_raid_273,japan,カルカッタ爆撃
1945-07,air_raid_40,japan,呉軍港空襲
1945-07,air_raid_42,japan,松山空襲
1945-07,air_raid_43,japan,重慶爆撃
1945-07,air_raid_45,japan,新竹空襲
1945-07,air_raid_60,japan,漢口大空襲
1945-07,air_raid_65,japan,台北大空襲
1945-07,air_raid_69,japan,京都空襲
1945-07,air_raid_71,japan,土崎空襲
1945-07,air_raid_77,japan,仙台空襲
1945-08,atomic_bomb_hiroshima,japan,広島原爆投下
1945-08,postwar_pol_194508_0,japan_info,終結のソ連に対する樺太の戦いの終結をもって戦後の始まりとする意見。
1945-08,postwar_pol_194508_4,japan_info,ポツダム宣言受諾。
1945-08,postwar_pol_194508_5,japan_info,正午（日本時間。グリニッジ標準時午前3時） 玉音放送でポツダム宣言受諾（日本の降伏）が国民に公表される。
1945-08,shouwa_new_06,japan,昭和新山_06
1945-08,soviet_invasion,japan,ソ連対日参戦
1945-08,war_end,japan,
1945-09,makurazaki_typhoon,japan,枕崎台風
1945-09,postwar_pol_194509_1,japan_info,ポツダム宣言の調印・即時発行（日本の降伏文書）をもって戦後が始まるという意見。
1945-09,postwar_pol_194509_6,japan_info,戦艦ミズーリ艦上において降伏文書に調印（日本の降伏）。
1945-09,shouwa_new_07,japan,昭和新山_07
1945-10,recon_pol_194510_0,japan_info,マッカーサーが幣原喜重郎首相に五大改革指令を通達（婦人参政権・労働組合結成奨励・教育の自由化・圧政的諸制度の撤廃・経済の民主化）。
1945-10,shouwa_new_08,japan,昭和新山_08
1945-11,kuchi_08,japan,口永良部島_08
1945-11,recon_pol_194511_1,japan_info,財閥解体が指令される。
1945-11,zaibatsu_dissolution,japan_info,財閥解体
1945-12,recon_pol_194512_2,japan_info,農地改革が指令される。
1946-01,postwar,japan,
1946-01,postwar_pol_194601_7,japan_info,昭和天皇の「人間宣言」。
1946-01,recon_pol_194601_3,japan_info,公職追放が指令される。
1946-01,sakurajima_showa_01,japan,桜島_昭和噴火_01
1946-02,recon_pol_194602_4,japan_info,金融緊急措置令公布。新円切替の実施。
1946-03,sakurajima_showa_02,japan,桜島_昭和噴火_02
1946-04,sakurajima_showa_03,japan,桜島_昭和噴火_03
1946-05,recon_pol_194605_5,japan_info,極東国際軍事裁判（東京裁判）開廷。
1946-05,sakurajima_showa_04,japan,桜島_昭和噴火_04
1946-10,agricultural_land_reform,japan_info,農地改革
1946-11,japan_constitution,japan_info,日本国憲法公布
1946-11,postwar_pol_194611_8,japan_info,大日本帝国憲法の改正手続を経て
1947-01,recon_shk_194701_0,japan_info,二・一ゼネストがマッカーサーの指令により中止となる。
1947-04,antimonopoly_act,japan_info,独占禁止法公布
1947-04,iida_fire,japan,飯田大火
1947-04,labor_standards_act,japan_info,労働基準法公布
1947-05,postwar_pol_194705_2,japan_info,GHQ占領期間中に日本国憲法が施行された日（憲法記念日）を戦後の始まりとする意見。
1947-05,postwar_pol_194705_9,japan_info,日本国憲法施行
1947-08,asama_9,japan,浅間山_9
1947-09,kathleen_typhoon,japan,カスリーン台風
1947-11,takada_fire,japan,新潟県高田市精神病院
1948-01,miyazaki_no_fire,japan,宮崎脳病院
1948-04,recon_shk_194804_1,japan_info,下山事件、三鷹事件、松川事件が発生。
1949-01,postwar_evt_194901_0,japan,ドッジ・ライン（安定恐慌）。
1949-02,niigata_yake_03,japan,新潟焼山_03
1949-02,noshiro_fire_1,japan,第一次能代大火
1949-03,dodge_line,japan_info,ドッジ・ライン（超均衡予算）
1949-09,niigata_yake_04,japan,新潟焼山_04
1949-09,recon_pol_194909_6,japan_info,シャウプ勧告に基づく税制改革。
1949-10,suwanose_14,japan,諏訪之瀬島_14
1950-01,azuma_02,japan,吾妻山_02
1950-02,adachi_02,japan,安達太良山_02
1950-04,atami_fire,japan,熱海大火
1950-04,keikyuu_fire,japan,京急トレーラーバス火災
1950-05,postwar_evt_195005_1,japan,朝鮮戦争（朝鮮特需､特需景気）。
1950-06,korean_war_boom,japan,
1950-07,mihara_04,japan,三原山_04
1950-08,mihara_05,japan,三原山_05
1950-09,asama_10,japan,浅間山_10
1950-09,mihara_06,japan,三原山_06
1951-02,mihara_07,japan,三原山_07
1951-03,mihara_08,japan,三原山_08
1951-04,mihara_09,japan,三原山_09
1951-04,sakuragi_fire,japan,桜木町事故
1951-05,hamanaka_fire,japan,北海道浜中村映画館火災
1951-05,mihara_10,japan,三原山_10
1951-06,mihara_11,japan,三原山_11
1951-08,chunichi_fire,japan,中日スタヂアム火災
1951-09,postwar_pol_195109_10,japan_info,一部の連合国との日本国との平和条約（サンフランシスコ講和条約）
1951-09,san_francisco_treaty,japan_info,サンフランシスコ平和条約
1952-03,postwar_pol_195203_11,japan_info,計量法が施行。
1952-03,tokachi_03,japan,十勝沖地震_03
1952-04,postwar_pol_195204_12,japan_info,日本国との平和条約発効
1952-04,postwar_pol_195204_3,japan,日本国との平和条約（サンフランシスコ平和条約）の発効で正式に戦争が終結し
1952-04,tootri_fire,japan,鳥取大火
1952-05,conflict_shk_195205_0,japan,血のメーデー事件（ちのメーデー 皇居外苑）
1952-05,conflict_shk_195205_1,japan,ラズエズノイ号事件（ラズエズノイごう 宗谷海峡）
1952-05,recon_shk_195205_2,japan_info,血のメーデー事件。
1952-09,bayonna_01,japan,ベヨネース列岩
1953-01,asosan_10,japan,阿蘇山_10
1953-02,tv_broadcasting_starts,japan,テレビ本放送開始（NHK・日本テレビ）
1953-04,asosan_08,japan,阿蘇山_08
1953-06,s28westjapan_fullwater,japan,昭和28年西日本水害
1953-07,kisyu_fullwater,japan,紀州大水害
1953-07,postwar_evt_195307_2,japan,昭和の大合併が始まる。
1953-08,minamishiroyamajo_fullwater,japan,南山城水害
1953-12,postwar_pol_195312_13,japan_info,奄美諸島が日本復帰。
1954-03,postwar_evt_195403_3,japan,ビキニ環礁で水爆実験（キャッスル作戦）
1954-07,postwar_pol_195407_14,japan_info,警察予備隊から保安隊と編制を経て
1954-09,tooyamaru_typhoon,japan,洞爺丸台風
1955-02,seibo_fire,japan,聖母の園養老院火災
1955-06,sikiba_fire,japan,式場精神病院火災
1955-07,suwanose_15,japan,諏訪之瀬島_15
1955-10,niigate_fre_1,japan,新潟大火
1955-10,postwar_pol_195510_15,japan_info,社会党の右派と左派が再統一され
1955-11,postwar_pol_195511_16,japan_info,保守合同により自由党と日本民主党が合併し
1956-03,noshiro_fire_2,japan,第二次能代大火
1956-08,oodate_fire,japan,大館大火
1956-09,uotsu_fire,japan,魚津大火
1956-10,recon_pol_195610_9,japan_info,日ソ共同宣言。ソ連との国交回復。
1956-11,postwar_evt_195611_4,japan,東海道本線全線電化。
1956-12,postwar_pol_195612_17,japan_info,国際連合加盟。前述の影響でソ連が拒否権を使わなくなり
1957-01,mihara_12,japan,三原山_12
1957-01,postwar_evt_195701_5,japan,なべ底不況。
1957-05,asian_flu,japan,アジアかぜ流行
1957-07,isahaya_fullwater,japan,諫早豪雨
1957-11,postwar_evt_195711_6,japan,名古屋市営地下鉄が開業。
1958-01,nakadake_02,japan,中岳_02
1958-01,postwar_evt_195801_7,japan,岩戸景気。
1958-05,mega_evt_195805_9,japan_info,第3回アジア競技大会（東京）。日本で初めて開催されたアジア競技大会。
1958-06,asosan_11,japan,阿蘇山_11
1958-07,daisetu_01,japan,大雪山_01
1958-09,kanogawa_typhoon,japan,狩野川台風
1958-11,asama_11,japan,浅間山_11
1958-12,koniya_fore,japan,古仁屋大火
1958-12,kusatsu_22,japan,草津白根山_22
1959-03,sinmoe_08,japan,新燃岳_8
1959-06,iou_bard_14,japan,硫黄鳥島_14
1959-09,isewan_typhoon,japan,伊勢湾台風
1959-09,miyako_typhoon_1,japan,宮古島台風
1960-01,postwar_pol_196001_18,japan_info,日本国とアメリカ合衆国との間の相互協力及び安全保障条約（新安保）発効。
1960-05,chiri1960,japan,チリ地震津波
1960-06,anpo_protests,japan,安保闘争
1960-10,koryuu_fire,japan,香流精神病院火災
1961-02,hyuga_11,japan,日向灘地震_11
1961-05,sanriku_fire,japan,三陸大火
1961-06,36_fullwater_1,japan,三六災害_1
1961-06,daisetu_02,japan,大雪山_02
1961-07,36_fullwater_2,japan,三六災害_2
1961-08,kitamino,japan,北美濃地震
1961-09,muroto_typhoon_2,japan,第2室戸台風
1962-01,sato_hp_fire,japan,佐藤病院火災
1962-04,miyagi_1962,japan,宮城県北部地震_03
1962-06,tokachi_03,japan,十勝岳_03
1962-06,yakedake_04,japan,焼岳_04
1962-07,tokachi_04,japan,十勝岳_04
1962-08,sinmoe_09,japan,新燃岳_9
1962-08,tokachi_05,japan,十勝岳_05
1962-11,38big_snow_1,japan,昭和38年1月豪雪_1
1962-12,38big_snow_2,japan,昭和38年1月豪雪_2
1963-01,38big_snow_3,japan,昭和38年1月豪雪_3
1963-02,38big_snow_4,japan,昭和38年1月豪雪_4
1963-03,echizen_earthquake,japan,越前岬沖地震
1963-04,nippori_fire,japan,日暮里大火
1963-07,hway_evt_196307_0,japan_info,日本初の高速自動車国道
1963-07,postwar_evt_196307_12,japan,日本初の高速自動車国道として名神高速道路が初開通。
1963-08,seibu_fire,japan,西武百貨店火災
1964-03,itan_fire,japan,伊丹市病院火災
1964-03,kasai_fire,japan,北海道河西郡芽室町大火
1964-04,inan_fire,japan,福島県南会津郡伊南村大火
1964-04,postwar_evt_196404_13,japan,海外観光旅行の自由化が開始（業務渡航は1963年4月1日から）。
1964-05,akita_fire,japan,秋田県北秋田郡上小阿仁村大規模火災
1964-05,oohata_fire,japan,青森県下北郡大畑村大規模火災
1964-05,rishiri_fire,japan,北海道利尻郡利尻町大規模火災
1964-06,niigata_earthquake,japan,新潟地震
1964-07,hokuiriku_fullwater,japan,昭和39年7月山陰北陸豪雨
1964-07,katsushima_fire,japan,品川勝島倉庫爆発火災
1964-10,olympics_pol_196410_2,japan_info,第18回夏季オリンピック（東京オリンピック・アジア初開催）
1964-10,railway_evt_196410_20,japan_info,世界初の高速鉄道である東海道新幹線が
1964-10,tokaido_shinkansen,japan,東海道新幹線開業
1964-10,tokyo_olympics,japan,
1964-11,amagasaki_fire,japan,尼崎市大火
1965-01,ooshima_fire,japan,大島大火
1965-06,postwar_pol_196506_19,japan_info,日本国と大韓民国との間の基本関係に関する条約（日韓基本条約）調印。
1965-06,postwar_pol_196506_20,japan_info,東京都議会が解散。都道府県議会の解散は戦後初。
1965-07,hway_evt_196507_1,japan_info,名神高速道路・小牧IC - 一宮ICが開通し
1965-08,matsushiro_01,japan,松代群発地震_01
1965-09,matsushiro_02,japan,松代群発地震_02
1965-10,matsushiro_03,japan,松代群発地震_03
1965-11,matsushiro_04,japan,松代群発地震_04
1965-12,matsushiro_05,japan,松代群発地震_05
1966-01,kanai_fire,japan,金井ビル火災
1966-01,matsushiro_06,japan,松代群発地震_06
1966-02,matsushiro_07,japan,松代群発地震_07
1966-03,kikufiji_fire,japan,菊富士ホテル火災
1966-03,matsushiro_08,japan,松代群発地震_08
1966-04,matsushiro_09,japan,松代群発地震_09
1966-05,matsushiro_10,japan,松代群発地震_10
1966-06,conflict_shk_196606_2,japan,日大紛争（にちだい 日本大学）
1966-06,conflict_shk_196606_3,japan,三里塚闘争（さんりづか 千葉県成田市三里塚）
1966-06,matsushiro_11,japan,松代群発地震_11
1966-07,matsushiro_12,japan,松代群発地震_12
1966-08,matsushiro_13,japan,松代群発地震_13
1966-09,matsushiro_14,japan,松代群発地震_14
1966-09,miyako_typhoon_2,japan,第2宮古島台風
1966-10,matsushiro_15,japan,松代群発地震_15
1966-11,kuchi_09,japan,口永良部島_09
1966-11,matsushiro_16,japan,松代群発地震_16
1966-12,matsushiro_17,japan,松代群発地震_17
1967-01,matsushiro_18,japan,松代群発地震_18
1967-02,matsushiro_19,japan,松代群発地震_19
1967-03,matsushiro_20,japan,松代群発地震_20
1967-04,matsushiro_21,japan,松代群発地震_21
1967-05,matsushiro_22,japan,松代群発地震_22
1967-06,matsushiro_23,japan,松代群発地震_23
1967-06,sanyo_fire,japan,山陽電鉄爆破事件
1967-07,427_fullwater,japan,昭和42年7月豪雨
1967-07,matsushiro_24,japan,松代群発地震_24
1967-08,hautsu_fullwater,japan,羽越豪雨
1967-08,matsushiro_25,japan,松代群発地震_25
1967-09,matsushiro_26,japan,松代群発地震_26
1967-10,conflict_shk_196710_13,japan,羽田事件（はねだ 東京都大田区）
1967-10,conflict_shk_196710_14,japan,第一次羽田闘争（だいいちじはねだ 東京都大田区）
1967-10,matsushiro_27,japan,松代群発地震_27
1967-11,conflict_shk_196711_15,japan,第二次羽田闘争（だいにじはねだ 東京都大田区）
1967-11,iou_bard_15,japan,硫黄鳥島_15
1967-11,matsushiro_28,japan,松代群発地震_28
1967-12,matsushiro_29,japan,松代群発地震_29
1968-01,conflict_shk_196801_16,japan,全学共闘会議（ぜんがくきょうとうかいぎ）
1968-01,conflict_shk_196801_17,japan,東大紛争（とうだい 東京大学）
1968-01,conflict_shk_196801_20,japan,佐世保エンタープライズ寄港阻止闘争（させぼエンタープライズきこうそし 米軍佐世保基地）
1968-01,matsushiro_30,japan,松代群発地震_30
1968-02,ebino_earthquake,japan,えびの地震
1968-02,matsushiro_31,japan,松代群発地震_31
1968-03,matsushiro_32,japan,松代群発地震_32
1968-04,hyuga_12,japan,日向灘地震_12
1968-04,matsushiro_33,japan,松代群発地震_33
1968-05,matsushiro_34,japan,松代群発地震_34
1968-06,conflict_shk_196806_21,japan,神田カルチェ・ラタン闘争（かんだカルチェ・ラタン 東京都神田駿河台）
1968-06,matsushiro_35,japan,松代群発地震_35
1968-06,postwar_pol_196806_21,japan_info,小笠原諸島が日本復帰。
1968-06,yokosuka_fire,japan,横須賀線電車爆破事件
1968-07,matsushiro_36,japan,松代群発地震_36
1968-07,postal_code_system,japan,郵便番号制度実施
1968-08,hong_kong_flu,japan,香港かぜ流行
1968-08,matsushiro_37,japan,松代群発地震_37
1968-09,matsushiro_38,japan,松代群発地震_38
1968-09,miyako_typhoon_3,japan,第3宮古島台風
1968-10,matsushiro_39,japan,松代群発地震_39
1968-10,shinjuku_riot,japan,新宿騒乱
1968-11,full_moon_fire,japan,池之坊満月城火災
1968-11,matsushiro_40,japan,松代群発地震_40
1968-12,matsushiro_41,japan,松代群発地震_41
1968-12,postwar_evt_196812_21,japan,三億円事件。
1969-01,conflict_shk_196901_18,japan,東大安田講堂攻防戦（とうだいやすだこうどう 東京大学安田講堂）
1969-01,matsushiro_42,japan,松代群発地震_42
1969-01,todai_yasuda_incident,japan,東大安田講堂事件
1969-02,banko_fire,japan,磐光ホテル火災
1969-02,matsushiro_43,japan,松代群発地震_43
1969-03,matsushiro_44,japan,松代群発地震_44
1969-04,hyuga_13,japan,日向灘地震_13
1969-04,matsushiro_45,japan,松代群発地震_45
1969-05,hway_evt_196905_2,japan_info,東名高速道路・大井松田IC - 御殿場ICが開通し
1969-05,matsushiro_46,japan,松代群発地震_46
1969-05,tomei_expressway,japan,東名高速道路全線開通
1969-06,matsushiro_47,japan,松代群発地震_47
1969-07,matsushiro_48,japan,松代群発地震_48
1969-08,matsushiro_49,japan,松代群発地震_49
1969-09,matsushiro_50,japan,松代群発地震_50
1969-10,matsushiro_51,japan,松代群発地震_51
1969-11,matsushiro_52,japan,松代群発地震_52
1969-12,matsushiro_53,japan,松代群発地震_53
1970-01,matsushiro_54,japan,松代群発地震_54
1970-01,s45_low_kiatsu_1,japan,昭和45年1月低気圧_1
1970-02,matsushiro_55,japan,松代群発地震_55
1970-02,s45_low_kiatsu_2,japan,昭和45年1月低気圧_2
1970-03,matsushiro_56,japan,松代群発地震_56
1970-03,mega_evt_197003_1,japan_info,日本万国博覧会（大阪万博）。第一種一般博で
1970-03,postwar_evt_197003_24,japan,よど号ハイジャック事件。日本初のハイジャック事件。
1970-03,yodogo_hijacking,japan,よど号ハイジャック事件
1970-04,matsushiro_57,japan,松代群発地震_57
1970-04,tenroku_fire,japan,天六ガス爆発事故
1970-05,matsushiro_58,japan,松代群発地震_58
1970-06,matsushiro_59,japan,松代群発地震_59
1970-07,hyuga_14,japan,日向灘地震_14
1971-01,sushi_fire,japan,寿司由楼火災
1971-01,thokai_05,japan,鳥海山_05
1971-02,conflict_shk_197102_22,japan,PBM作戦（PBM）
1971-02,conflict_shk_197102_4,japan,強制代執行阻止闘争（きょうせいだいそし 千葉県成田市）
1971-02,conflict_shk_197102_5,japan,第一次強制代阻止闘争（だいいちじきょうせいだいそし 千葉県成田市）
1971-05,kure_fire,japan,呉市山林火災
1971-07,conflict_shk_197107_23,japan,加賀市沖不審船事件（かがしおきふしんせん）
1971-08,postwar_evt_197108_26,japan,ニクソン・ショック。
1971-08,postwar_pol_197108_22,japan_info,変動相場制へ移行する（スミソニアン協定）。
1971-09,conflict_shk_197109_6,japan,第二次執行代阻止闘争（だいにじきょうせいだいそし 千葉県成田市）
1971-09,conflict_shk_197109_7,japan,東峰十字路事件（とうほうじゅうじろ 千葉県成田市東峰）
1971-12,postwar_evt_197112_27,japan,札幌市営地下鉄が開業。
1972-02,asama_sanso_incident,japan,あさま山荘事件
1972-02,olympics_pol_197202_3,japan_info,第11回冬季オリンピック（札幌オリンピック）
1972-02,postwar_evt_197202_29,japan,あさま山荘事件。
1972-05,okinawa_reversion,japan_info,沖縄返還
1972-05,postwar_pol_197205_23,japan_info,アメリカ合衆国からの沖縄返還
1972-05,sennichi_fire,japan,千日デパート火災
1972-07,477_fullwater,japan,昭和47年7月豪雨
1972-08,nara_fire,japan,近鉄奈良線爆破事件
1972-09,postwar_pol_197209_24,japan_info,日本国政府と中華人民共和国政府の共同声明（日中共同声明）。日中国交正常化
1972-11,hokuriku_fire,japan,北陸トンネル火災事故
1972-12,hachi,japan,八丈島東方沖地震
1973-02,asama_12,japan,浅間山_12
1973-03,kosekai_fire,japan,済生会八幡病院火災
1973-05,poru_fire,japan,第6ポールスタービル火災
1973-06,nemuro_earth_01,japan,根室半島沖地震_01
1973-09,hway_evt_197309_3,japan_info,中央自動車道・瑞浪IC - 多治見ICが開通し
1973-10,oil_shock,japan,
1973-10,postwar_evt_197310_32,japan,オイルショック（第1次）。トイレットペーパー騒動（狂乱物価）。
1973-11,hway_evt_197311_4,japan_info,関門橋が開通。
1973-11,taiyo_fire,japan,大洋デパート火災
1974-01,thokai_06,japan,鳥海山_06
1974-05,izuhanto_01,japan,伊豆半島沖地震
1974-05,postwar_pol_197405_25,japan_info,大規模小売店舗法公布。
1974-05,tokachi_06,japan,十勝岳_06
1974-07,niigata_yake_05,japan,新潟焼山_05
1974-08,mitsubishi_bombing,japan,三菱重工爆破事件
1974-08,postwar_evt_197408_34,japan,三菱重工爆破事件。連続企業爆破事件の始まり。
1974-11,ten_fire,japan,第十雄洋丸事件
1975-01,asosan_12,japan,阿蘇山_12
1975-07,mega_evt_197507_2,japan_info,沖縄国際海洋博覧会。特別博で
1976-03,kusatsu_23,japan,草津白根山_23
1976-08,kusatsu_24,japan,草津白根山_24
1976-09,suwanose_28,japan,諏訪之瀬島_28
1976-10,sakata_fire,japan,酒田大火
1976-12,hway_evt_197612_5,japan_info,中央自動車道・韮崎IC - 小淵沢ICが開通し
1977-02,shiraishi_fire,japan,札幌市白石区病院火災
1977-05,conflict_shk_197705_8,japan,東山事件（ひがしやま 千葉県山武郡芝山町）
1977-05,conflict_shk_197705_9,japan,芝山町長宅前臨時派出所襲撃事件（しばやまちょうちょうたくまえしゅうげき 千葉県山武軍芝山町）
1977-08,usu_06,japan,有珠山_6
1977-09,oki_typhoon,japan,沖永良部台風
1977-11,usu_07,japan,有珠山_7
1978-01,izubig_earch_01,japan,伊豆大島近海の地震_01
1978-03,conflict_shk_197803_10,japan,成田空港管制塔占拠事件（なりたくうこうかんせいとうせんきょ 千葉県成田市）
1978-03,imamachi_fire,japan,今町会館ビル火災
1978-05,postwar_evt_197805_38,japan,新東京国際空港（現成田国際空港）開港。成田空港問題による反対運動（三里塚闘争）が続く中での開港だった。
1978-05,tarumae_32,japan,樽前山_32
1978-06,miyagi_1978,japan,宮城県沖地震
1978-08,postwar_pol_197808_26,japan_info,日中平和友好条約締結。
1979-01,nakadake_03,japan,中岳_03
1979-02,postwar_evt_197902_40,japan,オイルショック（第2次）。
1979-06,mega_evt_197906_14,japan_info,第5回先進国首脳会議（東京サミット）。日本で初のサミット開催となった。
1979-07,nihonzaka_fire,japan,日本坂トンネル火災事故
1979-09,asosan_13,japan,阿蘇山_13
1979-10,ontake_01,japan,御嶽山_01
1980-01,asosan_14,japan,阿蘇山_14
1980-08,shinzyuku_fire,japan,新宿西口バス放火事件
1980-08,shizuoka_fire,japan,静岡駅前地下街爆発事故
1980-09,kuchi_10,japan,口永良部島_10
1980-11,kawaji_fire,japan,川治プリンスホテル火災
1981-10,hway_evt_198110_6,japan_info,宮崎自動車道・都城IC - 宮崎ICが開通し
1981-10,yubari_fire,japan,北炭夕張新炭鉱ガス突出事故による坑内火災
1982-02,hotel_new_fire,japan,ホテルニュージャパン火災
1982-03,hway_evt_198203_7,japan_info,関越自動車道・越後川口IC - 長岡IC
1982-03,sasebo_fire,japan,佐世保重工業構内蛇島岸壁船舶火災
1982-03,uraga,japan,浦河沖地震
1982-07,nagasaki_fullwater,japan,長崎大水害
1982-10,kusatsu_25,japan,草津白根山_25
1982-11,hway_evt_198211_8,japan_info,中央自動車道・勝沼IC - 甲府昭和ICが開通し
1982-12,kusatsu_26,japan,草津白根山_26
1983-02,zao_fire,japan,蔵王観光ホテル火災
1983-03,hway_evt_198303_9,japan_info,中国自動車道・千代田IC - 鹿野ICが開通し
1983-04,asama_13,japan,浅間山_13
1983-05,japankai_earthquake,japan,日本海中部地震
1983-07,kusatsu_27,japan,草津白根山_27
1983-07,s58_fullwater,japan,昭和58年7月豪雨
1983-10,miyake_01,japan,三宅島_01
1983-11,kusatsu_28,japan,草津白根山_28
1983-11,tsuma_fire,japan,つま恋ガス爆発事故
1983-12,kusatsu_29,japan,草津白根山_29
1983-12,sinmoe_10,japan,新燃岳_10
1984-01,ariake_fire,japan,三井有明鉱火災事故
1984-01,postwar_evt_198401_48,japan,グリコ・森永事件。
1984-08,hyuga_15,japan,日向灘地震_15
1984-09,nagano_w_earthquake,japan,長野県西部地震
1984-09,ontake_02,japan,御嶽山_02
1985-03,hway_evt_198503_10,japan_info,関越自動車道・前橋IC - 長岡ICが開通し
1985-03,mega_evt_198503_3,japan_info,国際科学技術博覧会（科学万博-つくば'85）。特別博で
1985-04,ntt_jt_privatization,japan_info,電電公社・専売公社民営化（NTT・JT発足）
1985-04,postwar_pol_198504_27,japan_info,日本電信電話公社と日本専売公社の民営化。日本電信電話 (NTT) と日本たばこ産業 (JT) 発足。
1985-08,postwar_evt_198508_49,japan,日本航空123便墜落事故。単独機としては世界最大の航空機事故となる。
1985-09,plaza_accord,japan,
1985-09,postwar_pol_198509_28,japan_info,プラザ合意。
1985-10,noto_earthquake_04,japan,能登半島地震_04
1986-02,daitokan_fire,japan,ホテル大東館火災
1986-05,mega_evt_198605_15,japan_info,第12回先進国首脳会議（東京サミット）。
1986-11,mihara_13,japan,三原山_13
1987-01,conflict_shk_198701_11,japan,1.14機動隊襲撃事件（1.14きどうたいしゅうげき 千葉県山武郡芝山町）
1987-03,hyuga_16,japan,日向灘地震_16
1987-04,jnr_privatization,japan_info,国鉄分割民営化（JR発足）
1987-04,postwar_pol_198704_29,japan_info,日本国有鉄道の民営化
1987-06,old_home_fire,japan,東京都東村山市の老人ホーム火災
1987-09,hway_evt_198709_11,japan_info,東北自動車道・白河IC - 浦和IC
1988-01,iou_ka_01,japan,硫黄島 (鹿児島県)_01
1988-03,railway_evt_198803_21,japan_info,青函トンネルが開通。
1988-03,seikan_tunnel,japan,青函トンネル開業
1988-04,railway_evt_198804_22,japan_info,瀬戸大橋が開通。 青函トンネルと瀬戸大橋の開通によって
1988-04,seto_ohashi,japan,瀬戸大橋開通
1988-07,hway_evt_198807_12,japan_info,北陸自動車道・新潟西IC - 朝日ICが開通し
1989-01,nakadake_04,japan,中岳_04
1989-01,tokachi_07,japan,十勝岳_07
1989-04,consumption_tax_3,japan_info,消費税（3%）導入
1989-04,postwar_pol_198904_30,japan_info,消費税法施行。税率3%。
1989-07,asosan_15,japan,阿蘇山_15
1989-07,teishi,japan,手石海丘
1989-10,asosan_16,japan,阿蘇山_16
1989-11,asosan_17,japan,阿蘇山_17
1990-03,nagasakiya_fire,japan,長崎屋火災
1990-04,mega_evt_199004_4,japan_info,国際花と緑の博覧会（花の万博）。大国際園芸博+特別博で
1991-01,bubble_burst,japan,
1991-06,unzan_02,japan,雲仙岳_02
1991-12,hway_evt_199112_13,japan_info,青森自動車道・えびのJCT - 鹿児島ICの開通により
1992-06,postwar_pol_199206_31,japan_info,国際連合平和維持活動等に対する協力に関する法律（PKO法）成立。自衛隊のカンボジア派遣。
1992-09,conflict_pol_199209_0,japan_info,自衛隊カンボジア派遣（カンボジア）
1993-01,kushiro,japan,釧路沖地震
1993-01,nakadake_05,japan,中岳_05
1993-02,noto_earthquake_05,japan,能登半島地震_05
1993-03,hway_evt_199303_14,japan_info,伊勢自動車道・勢和多気IC - 伊勢ICが開通し
1993-07,heisei_rice_crisis,japan,平成の米騒動（記録的冷夏）
1993-07,mega_evt_199307_16,japan_info,第19回先進国首脳会議（東京サミット）。
1993-07,nansei_earthquake,japan,北海道南西沖地震
1993-08,h5_8_fullwater,japan,平成5年8月豪雨
1993-08,postwar_pol_199308_32,japan_info,非自民・非共産連立政権の細川内閣発足。55年体制が崩壊する。
1993-11,commercial_internet,japan,インターネット商用サービス開始
1994-06,matsumoto_sarin,japan,松本サリン事件
1994-06,postwar_pol_199406_33,japan_info,自社さ連立政権の村山内閣発足。自民党が与党に復帰する。
1994-10,mega_evt_199410_10,japan_info,第12回アジア競技大会（広島）。首都以外の地方都市で初開催となった。
1994-10,toho_earthquake,japan,北海道東方沖地震
1994-12,haruka_earthquake,japan,三陸はるか沖地震
1994-12,iisaka_fire,japan,飯坂温泉の旅館火災
1995-01,great_hanshin_earthquake,japan,阪神・淡路大震災
1995-01,hanshin_117_earthquake,japan,兵庫県南部地震
1995-01,haruka_earthquake_01,japan,三陸はるか沖地震
1995-02,yakedake_05,japan,焼岳_05
1995-03,tokyo_subway_sarin,japan,地下鉄サリン事件
1995-07,hway_evt_199507_15,japan_info,九州自動車道・人吉IC - えびのICが開通し
1995-11,mega_evt_199511_17,japan_info,第7回APEC首脳会議（大阪）。日本で初のAPEC首脳会議開催。
1996-01,postwar_pol_199601_34,japan_info,自社さ連立政権の第1次橋本内閣発足。2年6ヶ月振りに自民党から総理大臣が選出される。
1996-03,koma_12,japan,北海道駒ヶ岳_12
1996-03,mega_evt_199603_5,japan_info,世界都市博覧会（都市博）。東京臨海副都心で開催予定だったが
1996-08,miyagi_1996,japan,宮城県北部地震_04
1996-10,hyuga_17,japan,日向灘地震_17
1996-11,conflict_shk_199611_12,japan,明大紛争（めいだい 明治大学）
1996-11,financial_big_bang,japan_info,金融ビッグバン提唱
1996-12,hyuga_18,japan,日向灘地震_18
1997-03,railway_evt_199703_23,japan_info,北越急行ほくほく線開業。 特急「はくたか」がそれまでの狭軌の最高速度記録（130 km/h）を打ち破る
1997-03,railway_evt_199703_24,japan_info,秋田新幹線（盛岡駅 - 秋田駅間）開業。
1997-04,consumption_tax_5,japan_info,消費税5%へ引き上げ
1997-04,postwar_pol_199704_35,japan_info,消費税増税（税率5%）。
1997-09,adachi_03,japan,安達太良山_03
1997-10,railway_evt_199710_25,japan_info,北陸新幹線・高崎駅 - 長野駅間（通称長野新幹線）開業。 山形・秋田両新幹線とは異なり
1997-12,hway_evt_199712_16,japan_info,山陽自動車道・三木小野IC - 神戸JCTが開通し
1997-12,mega_evt_199712_18,japan_info,第3回気候変動枠組条約締約国会議（COP3
1998-02,olympics_pol_199802_4,japan_info,第18回冬季オリンピック（長野オリンピック）
1998-05,koma_13,japan,北海道駒ヶ岳_13
1998-10,koma_14,japan,北海道駒ヶ岳_14
1998-10,postwar_pol_199810_36,japan_info,自民党が自由党・公明党と連立政権を樹立（自自公連立政権）。
1999-01,suwanose_16,japan,諏訪之瀬島_16
1999-02,imode_launch,japan,iモードサービス開始（モバイルインターネット）
1999-03,conflict_shk_199903_24,japan,能登半島沖不審船事件（のとはんとうおきふしんせん 能登半島沖海域）
1999-12,railway_evt_199912_26,japan_info,山形新幹線の新庄駅への延伸区間が開業。
2000-01,nemuro_earth_04,japan,根室半島沖地震_04
2000-02,ikejima_fire,japan,池島炭鉱の坑内火災
2000-02,suwanose_17,japan,諏訪之瀬島_17
2000-03,hway_evt_200003_17,japan_info,四国縦貫自動車道・井川池田IC - 川之江東JCT
2000-03,terekura_fire,japan,テレクラ放火殺人事件
2000-03,usu_08,japan,有珠山_8
2000-05,postwar_pol_200005_37,japan_info,大規模小売店舗立地法施行。大規模小売店舗法廃止。
2000-06,miyake_02,japan,三宅島_02
2000-07,hway_evt_200007_18,japan_info,大分自動車道・清武JCT - えびのJCTの開通により
2000-07,mega_evt_200007_19,japan_info,第26回主要国首脳会議（九州・沖縄サミット）。東京以外で初めて開催されたサミット。
2000-07,miyake_03,japan,三宅島_03
2000-08,miyake_04,japan,三宅島_04
2000-09,koma_15,japan,北海道駒ヶ岳_15
2000-10,koma_16,japan,北海道駒ヶ岳_16
2000-10,tootori_w_earthquake,japan,鳥取県西部地震
2000-11,koma_17,japan,北海道駒ヶ岳_17
2000-12,suwanose_18,japan,諏訪之瀬島_18
2001-01,central_gov_reorganization,japan_info,中央省庁再編
2001-01,postwar_pol_200101_38,japan_info,中央省庁再編。1府22省庁から1府12省庁へ。
2001-03,hway_evt_200103_19,japan_info,松山自動車道・高知IC - 須崎東ICが開通し
2001-03,iyo_02,japan,芸予地震
2001-04,postwar_pol_200104_39,japan_info,第1次小泉内閣発足。「聖域なき構造改革」と呼ばれる一連の経済政策が取られる。
2001-05,take_fuji_fire,japan,武富士弘前支店強盗殺人・放火事件
2001-06,ikeda_school_massacre,japan,附属池田小事件
2001-07,iou_ka_02,japan,硫黄島 (鹿児島県)_02
2001-08,iou_ka_03,japan,硫黄島 (鹿児島県)_03
2001-09,conflict_pol_200109_1,japan,対テロ戦争（たいテロ）
2001-09,iou_ka_04,japan,硫黄島 (鹿児島県)_04
2001-09,kabukitho_fire,japan,歌舞伎町ビル火災
2001-11,conflict_pol_200111_2,japan_info,自衛隊インド洋派遣（じえいたいインドようはけん インド洋）
2001-11,suica_launch,japan,Suica（交通系ICカード）サービス開始
2001-12,conflict_shk_200112_25,japan,九州南西海域工作船事件（きゅうしゅうなんせいかいいきこうさくせん 九州南西海域）
2002-05,mega_evt_200205_11,japan_info,2002 FIFAワールドカップ。日本と韓国の共同開催で
2002-12,railway_evt_200212_27,japan_info,東北新幹線の八戸駅への延伸区間が開業。 同時に
2003-07,miyagi_2003,japan,宮城県北部地震_05
2003-08,railway_evt_200308_28,japan_info,沖縄都市モノレール線開業。 第二次世界大戦中に沖縄県営鉄道が破壊されてから58年振りに
2003-09,burizisutonn_fire_1,japan,ブリヂストン栃木工場火災
2003-09,idemitsu_fire,japan,出光興産北海道製油所タンク火災
2003-09,tokachi_05,japan,十勝沖地震_05
2003-12,conflict_pol_200312_3,japan_info,自衛隊イラク派遣（じえいたいイラクはけん イラク）
2003-12,hway_evt_200312_20,japan_info,供用延長が7
2004-01,nakadake_06,japan,中岳_06
2004-01,suwanose_19,japan,諏訪之瀬島_19
2004-03,railway_evt_200403_29,japan_info,九州新幹線の新八代駅 - 鹿児島中央駅間が開業。 暫定的な開業で
2004-07,edy_osaifu_keitai,japan,おサイフケータイ（Edy）サービス開始
2004-07,h16_7_full_water,japan,平成16年7月新潟・福島豪雨
2004-07,hukui_full_water,japan,平成16年7月福井豪雨
2004-08,burizisutonn_fire_2,japan,ブリヂストン甘木工場火災
2004-09,asama_14,japan,浅間山_14
2004-10,nigata_middle,japan,新潟県中越地震
2004-11,nemuro_earth_05,japan,根室半島沖地震_05
2004-12,donki_fire,japan,ドン・キホーテ放火事件
2005-01,nakadake_07,japan,中岳_07
2005-03,mega_evt_200503_6,japan_info,2005年日本国際博覧会（愛知万博
2005-09,postwar_pol_200509_40,japan_info,第44回衆議院議員総選挙において自公連立政権が歴史的大勝を収める（郵政選挙）。
2005-10,japan_post_privatization,japan_info,郵政民営化関連法成立
2005-12,h18_snow_1,japan,平成18年豪雪_1
2005-12,youtube_japan_launch,world,YouTubeサービス開始（※日本語版は2007年）
2006-01,h18_snow_2,japan,平成18年豪雪_2
2006-02,h18_snow_3,japan,平成18年豪雪_3
2006-07,h18_full_water,japan,平成18年7月豪雨
2006-10,hway_evt_200610_21,japan_info,道東自動車道・大分IC - 佐伯ICの開通により
2006-12,postwar_pol_200612_41,japan_info,12月 教育基本法改正。
2007-01,postwar_pol_200701_42,japan_info,1月 防衛庁が防衛省に昇格。
2007-03,noto_earthquake_06,japan,能登半島地震_06
2007-04,pasmo_launch,japan,PASMOサービス開始
2007-07,niiigata_chuuetchuoki,japan,新潟県中越沖地震
2007-10,postwar_pol_200710_43,japan_info,10月 日本郵政公社の民営化（郵政民営化）
2007-12,kashima_fire,japan,三菱化学鹿島事業所エチレンプラント火災
2008-06,akihabara_massacre,japan,秋葉原通り魔事件
2008-06,iwate_miyagi_earthquake,japan,岩手・宮城内陸地震
2008-07,iphone_3g_japan,japan,iPhone 3G 日本発売（スマートフォンの普及開始）
2008-07,mega_evt_200807_20,japan_info,第34回主要国首脳会議（北海道洞爺湖サミット）。
2008-07,yahata_fire,japan,新日本製鐵八幡製鐵所コークス炉設備・可燃性ガス火災
2008-08,h20_full_water,japan,平成20年8月末豪雨
2008-08,kumano_fire,japan,熊野町ジャンクション火災事故
2008-08,tokachi_06,japan,十勝沖地震_06
2008-10,asama_15,japan,浅間山_15
2008-10,oosaka_koshitsu_fire,japan,大阪個室ビデオ店放火事件
2009-02,asama_16,japan,浅間山_16
2009-03,shibukawa_fire,japan,群馬県渋川市の老人ホーム火災
2009-05,swine_flu_2009,japan,新型インフルエンザ（2009年）
2009-07,h21_full_water,japan,平成21年7月中国・九州北部豪雨
2009-07,osaka_pachinko_fire,japan,大阪パチンコ店放火殺人事件
2009-08,postwar_pol_200908_44,japan_info,第45回衆議院議員総選挙において民主党を中心とする野党が歴史的大勝を収め
2009-09,postwar_pol_200909_45,japan_info,民社国連立政権の鳩山由紀夫内閣発足。
2010-03,koma_18,japan,北海道駒ヶ岳_18
2010-11,mega_evt_201011_21,japan_info,第22回APEC首脳会議（横浜）。
2010-12,railway_evt_201012_30,japan_info,東北新幹線の新青森駅への延伸区間が開業。
2011-01,nakadake_08,japan,中岳_08
2011-01,sinmoe_11,japan,新燃岳_11
2011-03,fuji_earthquake,japan,静岡県東部
2011-03,nagano_n_earthquake_01,japan,長野県北部地震_01
2011-03,railway_evt_201103_31,japan_info,九州新幹線の博多駅 - 新八代駅の延伸区間が開業。
2011-03,tohoku_earthquake,japan,
2011-03,tohoku_kantoo_earthquake_01,japan,東北地方太平洋沖地震_01
2011-04,tohoku_kantoo_earthquake_02,japan,東北地方太平洋沖地震_02
2011-06,line_launch,japan,LINEサービス開始
2011-07,digital_tv_transition,japan,地上デジタル放送へ完全移行
2011-07,h23_full_water,japan,平成23年7月新潟・福島豪雨
2012-04,hway_evt_201204_22,japan_info,新東名高速道路・御殿場JCT - 浜松いなさJCTが開通し
2012-05,hukuyama_fire,japan,福山ホテル火災
2012-07,h24_full_water,japan,平成24年7月九州北部豪雨
2012-11,postwar_evt_201211_71,japan,いざなみ景気を超える戦後最長の景気拡大（アベノミクス景気）が始まる。
2012-12,postwar_pol_201212_46,japan_info,第46回衆議院議員総選挙において自公連立政権が大勝し
2012-12,postwar_pol_201212_47,japan_info,第2次安倍内閣発足。「アベノミクス」と呼ばれる一連の経済政策が取られる。
2013-04,awaji_earthquake,japan,淡路島地震
2013-10,hukuoka_gp_fire,japan,福岡市整形外科医院火災
2014-04,consumption_tax_8,japan_info,消費税8%へ引き上げ
2014-04,postwar_pol_201404_48,japan_info,消費税増税（税率8%）。
2014-07,h26_full_water_1,japan,平成26年8月豪雨_1
2014-08,h26_full_water_2,japan,平成26年8月豪雨_2
2014-08,kuchi_11,japan,口永良部島_11
2014-09,ontake_03,japan,御嶽山_03
2014-11,nagano_n_earthquake_03,japan,長野県北部地震_03
2015-03,hway_evt_201503_23,japan_info,常磐自動車道・常磐富岡IC - 仙台東ICが開通し
2015-03,railway_evt_201503_32,japan_info,北陸新幹線・長野駅 - 金沢駅間が延伸開業。 軽井沢・長野方面と同名の通称で
2015-05,kuchi_12,japan,口永良部島_12
2015-06,asama_17,japan,浅間山_17
2015-08,postwar_evt_201508_72,japan,中国人民銀行による人民元の切り下げと米国における利上げの懸念により中国の株価が急落し
2015-09,asosan_18,japan,阿蘇山_18
2015-09,h27_full_water,japan,平成27年9月関東・東北豪雨
2015-09,postwar_pol_201509_49,japan_info,平和安全法制成立。
2015-12,postwar_evt_201512_73,japan,韓国と慰安婦問題日韓合意。
2016-02,hway_evt_201602_24,japan_info,新東名高速道路・浜松いなさJCT - 豊田東JCTが開通。
2016-03,railway_evt_201603_33,japan_info,北海道新幹線・新青森駅 - 新函館北斗駅間が開業し
2016-04,asosan_19,japan,阿蘇山_19
2016-04,electricity_deregulation,japan_info,電力の小売全面自由化
2016-04,kumamoto_03,japan,熊本地震_03
2016-05,mega_evt_201605_22,japan_info,第42回先進国首脳会議（伊勢志摩サミット）。
2016-06,postwar_pol_201606_50,japan_info,選挙権年齢が「20歳以上」から「18歳以上」に引き下げられる（18歳選挙権）。
2016-06,utiura,japan,内浦湾地震
2016-07,sagamihara_stabbings,japan,相模原障害者施設殺傷事件
2016-09,suwanose_20,japan,諏訪之瀬島_20
2016-10,asosan_20,japan,阿蘇山_20
2016-10,tootori_m_earthwuake,japan,鳥取県中部地震
2016-12,itokawa_fire,japan,糸魚川大火
2017-06,postwar_pol_201706_51,japan_info,天皇の退位等に関する皇室典範特例法成立。
2017-07,h29_full_water,japan,平成29年7月九州北部豪雨
2017-08,tiktok_japan_launch,world,TikTok 日本版サービス開始
2017-10,sinmoe_12,japan,新燃岳_12
2017-12,oomiya_fire,japan,大宮風俗店火災
2018-01,kusatsu_30,japan,草津白根山_30
2018-03,hway_evt_201803_25,japan_info,供用延長が10
2018-03,sinmoe_13,japan,新燃岳_13
2018-04,postwar_pol_201804_52,japan_info,民進党と希望の党が合流し
2018-06,h30westjapan_fullwater_1,japan,西日本豪雨_1
2018-06,oosaka_n_eatrhquake,japan,大阪府北部地震
2018-07,h30westjapan_fullwater_2,japan,西日本豪雨_2
2018-09,tanshintobu_earthquake,japan,北海道胆振東部地震
2018-10,paypay_launch,japan,PayPayサービス開始（QRコード決済の普及）
2018-10,tanshintobu_earthquake,japan,北海道胆振東部地震
2019-01,kumamoto_04,japan,熊本地震_04
2019-02,tanshintobu_earthquake_02,japan,北海道胆振東部地震
2019-03,asosan_21,japan,阿蘇山_21
2019-03,hway_evt_201903_26,japan_info,新名神高速道路・新四日市JCT - 亀山西JCTが開通。
2019-04,asosan_22,japan,阿蘇山_22
2019-05,hyuga_19,japan,日向灘地震_19
2019-05,postwar_pol_201905_53,japan_info,明仁が退位し天皇を退き（上皇となる）
2019-06,mega_evt_201906_23,japan_info,G20大阪サミット。日本で初めて開催された大規模なG20首脳会議。
2019-06,yamagata,japan,山形県沖地震
2019-07,kyoani_arson,japan,京都アニメーション放火殺人事件
2019-07,kyoani_fire,japan,京都アニメーション放火殺人事件
2019-08,asama_18,japan,浅間山_18
2019-09,r1_typhoon_bo,japan,令和元年房総半島台風
2019-10,consumption_tax_10,japan_info,消費税10%へ引き上げ
2019-10,postwar_pol_201910_54,japan_info,消費税増税（税率10%）。同時に軽減税率導入。
2019-10,r1_typhoon,japan,令和元年東日本台風
2020-01,covid_19_start,japan,新型コロナウイルス感染症（国内初確認）
2020-02,postwar_evt_202002_76,japan,コロナ・ショック（新型コロナウイルス感染症の世界的流行に伴う世界同時株安および経済的打撃）。戦後最長だったアベノミクス景気が後退局面（コロナ不況）へ。
2020-03,covid,japan,
2020-03,covid_special_measures_law,japan_info,新型インフルエンザ等対策特別措置法改正
2020-03,hway_evt_202003_27,japan_info,常磐自動車道・常磐双葉ICが開通。
2020-04,first_state_of_emergency,japan_info,新型コロナ第1回緊急事態宣言発令
2020-04,postwar_pol_202004_55,japan_info,2019年新型コロナウイルス感染症（COVID-19）の世界的流行・感染拡大を受け
2020-04,special_cash_payments,japan_info,特別定額給付金（一律10万円）
2020-07,suwanose_21,japan,諏訪之瀬島_21
2020-12,suwanose_22,japan,諏訪之瀬島_22
2021-02,amended_infectious_diseases_act,japan_info,改正感染症法施行（コロナ対応）
2021-02,ashikaga_fire,japan,令和3年足利市山林火災
2021-02,fukushima_21,japan,福島県沖地震_(2021年)
2021-03,suwanose_23,japan,諏訪之瀬島_23
2021-03,tokushima_fire,japan,徳島雑居ビル放火事件
2021-04,hway_evt_202104_28,japan_info,新東名高速道路・新御殿場IC - 御殿場JCTが開通。
2021-06,suwanose_24,japan,諏訪之瀬島_24
2021-07,covid_19_delta,japan,新型コロナ第5波（デルタ株）流行
2021-07,olympics_pol_202107_5,japan_info,第32回夏季オリンピック（東京オリンピック・新型コロナウイルス感染症の影響で2020年から延期開催）
2021-07,postwar_evt_202107_77,japan,8月8日 2020年東京オリンピック開催。本来は前年に行われる予定であったが
2021-07,r2_full_water,japan,令和2年7月豪雨
2021-08,postwar_evt_202108_78,japan,9月5日 2020年東京パラリンピック開催。オリンピックと同様に1年延期での開催となった。
2021-09,digital_agency_established,japan_info,デジタル庁発足
2021-09,suwanose_25,japan,諏訪之瀬島_25
2021-10,asosan_23,japan,阿蘇山_23
2021-11,glp_fire,japan,舞洲日立物流倉庫放火事件（大阪市此花区）
2021-12,kitashinchi_fire,japan,北新地ビル放火殺人事件
2022-01,covid_19_omicron,japan,新型コロナ第6波（オミクロン株）流行
2022-01,hyuga_20,japan,日向灘地震_20
2022-02,arakawa_fire,japan,三幸製菓荒川工場火災
2022-02,mobara_fire,japan,クリーンパーク茂原火災
2022-03,fukushima_22,japan,福島県沖地震_(2022年)
2022-04,hway_evt_202204_29,japan_info,新東名高速道路・伊勢原大山IC - 新秦野ICが開通。
2022-06,kusaka_fire,japan,草加市建材店放火事件
2022-06,noto_earthquake_07,japan,能登半島地震_07
2022-07,abe_assassination,japan,安倍晋三銃撃事件
2022-07,postwar_evt_202207_79,japan,安倍晋三銃撃事件が発生。
2022-09,railway_evt_202209_34,japan_info,西九州新幹線の武雄温泉駅 - 長崎駅間が開業。 九州新幹線 (鹿児島ルート)とは異なり暫定的な開業ではなく
2022-11,mega_evt_202211_12,japan_info,2022 FIFAワールドカップ日本招致。単独開催を目指して立候補したが
2023-01,hyogo_fire,japan,神戸市兵庫区アパート火災
2023-03,toshima_fire,japan,大阪市都島区マンション火災
2023-04,children_and_families_agency,japan_info,こども家庭庁発足
2023-04,hway_evt_202304_30,japan_info,供用延長が11
2023-04,kishida_attack,japan,岸田文雄襲撃事件
2023-05,covid_class_5,japan_info,新型コロナ「5類」移行
2023-05,mega_evt_202305_24,japan_info,第49回先進国首脳会議（G7広島サミット）。
2023-05,noto_earthquake_08,japan,能登半島地震_08
2023-05,postwar_pol_202305_56,japan_info,COVID-19の感染症法上の位置付けが
2023-06,suwanose_26,japan,諏訪之瀬島_26
2023-07,shinbashi_fire,japan,新橋ビル爆発事故
2023-09,sanyo_road_fire,japan,山陽自動車道尼子山トンネル車両火災
2023-10,invoice_system,japan_info,インボイス制度開始
2024-01,noto_earthquake,japan,令和6年能登半島地震
2024-01,suwanose_27,japan,諏訪之瀬島_27
2024-01,torimachi_fire,japan,鳥町食道街火災
2024-03,railway_evt_202403_35,japan_info,北陸新幹線の金沢駅 - 敦賀駅間が延伸開業し
2024-04,higosuido,japan,豊後水道地震
2024-04,work_style_reform_2024,japan_info,働き方改革関連法適用拡大（2024年問題）
2024-08,hyuga_21,japan,日向灘地震_21
2024-08,hyuuga_24,japan,日向灘地震_(2024年)
2024-11,freelance_protection_act,japan_info,フリーランス新法施行
2025-01,hyuga_22,japan,日向灘地震_22
2025-02,ohunato_fire,japan,大船渡市山林火災
2025-04,amended_childcare_leave_act,japan_info,改正育児・介護休業法施行
2025-04,mega_evt_202504_7,japan_info,2025年日本国際博覧会（2025年大阪・関西万博）。登録博で
2025-07,tokara_earthquake,japan,トカラ列島近海群発地震
2025-08,dotonbori_fire,japan,道頓堀ビル火災
2025-11,ooita_fire,japan,大分市大規模火災
2025-12,aomori_earthquake,japan,青森県東方沖地震
2026-02,iwake_26,japan,岩手県沖地震
2026-06,fuji5_earthquake,japan,山梨県東部・富士五湖地震
2026-07,kumamoto_05,japan,熊本地震_05
2026-08,r8_full_water,japan,令和8年8月千葉豪雨
2026-09,mega_evt_202609_13,japan_info,第20回アジア競技大会（愛知・名古屋で開催）。
2027-01,railway_evt_202701_36,japan_info,中央新幹線の東京都 - 名古屋市間が開業予定。 東海道新幹線のバイパス路線で
2027-03,mega_evt_202703_8,japan_info,横浜国際園芸博覧会（GREEN×EXPO 2027）。国際園芸博+認定博で
